LynkUserID,Password,LotNumbers
DEMOG,DEMOG1,17318156
DEM0000179 ,6N4T6GBG5Z,17360266
DEM0000180,SYB98GBR8Z,15857896
DEM0000181,XXVRNZ9Z5Q,16959356
DEM0000182,W9MMNAH3XH,17384156
DEM0000183,GAH6V745ET,17181666
DEM0000184,RJ9WRSKJJP,16451946
DEM0000185,WX4437UDAR,17014226
DEM0000186,BBCQ2BVXGU,17070546
DEM0000187,9YWMH86EAP,17283666
DEM0000188,EYBPG5PHV5,17186036
DEM0000189,EDSGQAHKVV,14316696
DEM0000190,47EZ9VW7EZ,17369786
DEM0000191,79YGMKNKKS,14365496
DEM0000192,RZ3KKD6NB6,17360746
DEM0000193,2DWGWUWVRP,17373916
DEM0000194,6R5B7A36P7,17371986
DEMOG,DEMOG1,14178976
DEM0000179 ,6N4T6GBG5Z,15373796
DEM0000180,SYB98GBR8Z,17202416
DEM0000181,XXVRNZ9Z5Q,16961766
DEM0000182,W9MMNAH3XH,17372376
DEM0000183,GAH6V745ET,16046166
DEM0000184,RJ9WRSKJJP,17356146
DEM0000185,WX4437UDAR,17065366
DEM0000186,BBCQ2BVXGU,17371516
DEM0000187,9YWMH86EAP,17128916
DEM0000188,EYBPG5PHV5,17372566
DEM0000189,EDSGQAHKVV,17373216
DEM0000190,47EZ9VW7EZ,16717986
DEM0000191,79YGMKNKKS,17370206
DEM0000192,RZ3KKD6NB6,17192706
DEM0000193,2DWGWUWVRP,16967986
DEM0000194,6R5B7A36P7,17313916
DEMOG,DEMOG1,17345606
DEM0000179 ,6N4T6GBG5Z,17367856
DEM0000180,SYB98GBR8Z,17350756
DEM0000181,XXVRNZ9Z5Q,17249276
DEM0000182,W9MMNAH3XH,17360446
DEM0000183,GAH6V745ET,17370196
DEM0000184,RJ9WRSKJJP,17368856
DEM0000185,WX4437UDAR,17362496
DEM0000186,BBCQ2BVXGU,17363436
DEM0000187,9YWMH86EAP,17156906
DEM0000188,EYBPG5PHV5,15450166
DEM0000189,EDSGQAHKVV,15328566
DEM0000190,47EZ9VW7EZ,16206876
DEM0000191,79YGMKNKKS,17354486
DEM0000192,RZ3KKD6NB6,17358356
DEM0000193,2DWGWUWVRP,17362646
DEM0000194,6R5B7A36P7,17047266
DEMOG,DEMOG1,17361766
DEM0000179 ,6N4T6GBG5Z,14012016
DEM0000180,SYB98GBR8Z,16824556
DEM0000181,XXVRNZ9Z5Q,17300786
DEM0000182,W9MMNAH3XH,17359476
DEM0000183,GAH6V745ET,17346636
DEM0000184,RJ9WRSKJJP,17138876
DEM0000185,WX4437UDAR,14779066
DEM0000186,BBCQ2BVXGU,16579566
DEM0000187,9YWMH86EAP,16743536
DEM0000188,EYBPG5PHV5,16747736
DEM0000189,EDSGQAHKVV,15865366
DEM0000190,47EZ9VW7EZ,17346646
DEM0000191,79YGMKNKKS,17357136
DEM0000192,RZ3KKD6NB6,15997266
DEM0000193,2DWGWUWVRP,17084526
DEM0000194,6R5B7A36P7,15410366
DEMOG,DEMOG1,17200556
DEM0000179 ,6N4T6GBG5Z,17348106
DEM0000180,SYB98GBR8Z,17354826
DEM0000181,XXVRNZ9Z5Q,17351556
DEM0000182,W9MMNAH3XH,16752616
DEM0000183,GAH6V745ET,17246896
DEM0000184,RJ9WRSKJJP,17349776
DEM0000185,WX4437UDAR,17301476
DEM0000186,BBCQ2BVXGU,17311756
DEM0000187,9YWMH86EAP,17349736
DEM0000188,EYBPG5PHV5,17025116
DEM0000189,EDSGQAHKVV,16327856
DEM0000190,47EZ9VW7EZ,17318576
DEM0000191,79YGMKNKKS,15263436
DEM0000192,RZ3KKD6NB6,17139096
DEM0000193,2DWGWUWVRP,15265496
DEM0000194,6R5B7A36P7,16463266
DEMOG,DEMOG1,16574626
DEM0000179 ,6N4T6GBG5Z,17307736
DEM0000180,SYB98GBR8Z,16857816
DEM0000181,XXVRNZ9Z5Q,15495196
DEM0000182,W9MMNAH3XH,16814706
DEM0000183,GAH6V745ET,17346806
DEM0000184,RJ9WRSKJJP,15955516
DEM0000185,WX4437UDAR,17269166
DEM0000186,BBCQ2BVXGU,16486816
DEM0000187,9YWMH86EAP,17179226
DEM0000188,EYBPG5PHV5,15822716
DEM0000189,EDSGQAHKVV,16720696
DEM0000190,47EZ9VW7EZ,17081196
DEM0000191,79YGMKNKKS,17336686
DEM0000192,RZ3KKD6NB6,17339476
DEM0000193,2DWGWUWVRP,16634036
DEM0000194,6R5B7A36P7,17209366
DEMOG,DEMOG1,17061996
DEM0000179 ,6N4T6GBG5Z,16895786
DEM0000180,SYB98GBR8Z,16040486
DEM0000181,XXVRNZ9Z5Q,14547596
DEM0000182,W9MMNAH3XH,15406746
DEM0000183,GAH6V745ET,16695316
DEM0000184,RJ9WRSKJJP,16361036
DEM0000185,WX4437UDAR,17294396
DEM0000186,BBCQ2BVXGU,17096886
DEM0000187,9YWMH86EAP,17134796
DEM0000188,EYBPG5PHV5,15997106
DEM0000189,EDSGQAHKVV,17084676
DEM0000190,47EZ9VW7EZ,17202336
DEM0000191,79YGMKNKKS,17150386
DEM0000192,RZ3KKD6NB6,17274456
DEM0000193,2DWGWUWVRP,15942596
DEM0000194,6R5B7A36P7,14937466
DEMOG,DEMOG1,17268886
DEM0000179 ,6N4T6GBG5Z,17030036
DEM0000180,SYB98GBR8Z,15964286
DEM0000181,XXVRNZ9Z5Q,16806506
DEM0000182,W9MMNAH3XH,17087006
DEM0000183,GAH6V745ET,16408396
DEM0000184,RJ9WRSKJJP,17206986
DEM0000185,WX4437UDAR,16787826
DEM0000186,BBCQ2BVXGU,17227306
DEM0000187,9YWMH86EAP,17310836
DEM0000188,EYBPG5PHV5,17310566
DEM0000189,EDSGQAHKVV,16519116
DEM0000190,47EZ9VW7EZ,14955436
DEM0000191,79YGMKNKKS,15030976
DEM0000192,RZ3KKD6NB6,15639256
DEM0000193,2DWGWUWVRP,14567876
DEM0000194,6R5B7A36P7,16161156
DEMOG,DEMOG1,17200126
DEM0000179 ,6N4T6GBG5Z,17158056
DEM0000180,SYB98GBR8Z,16985346
DEM0000181,XXVRNZ9Z5Q,17248896
DEM0000182,W9MMNAH3XH,17256206
DEM0000183,GAH6V745ET,17304256
DEM0000184,RJ9WRSKJJP,17295456
DEM0000185,WX4437UDAR,17150396
DEM0000186,BBCQ2BVXGU,17103166
DEM0000187,9YWMH86EAP,17245966
DEM0000188,EYBPG5PHV5,17289516
DEM0000189,EDSGQAHKVV,17280846
DEM0000190,47EZ9VW7EZ,17145116
DEM0000191,79YGMKNKKS,17267596
DEM0000192,RZ3KKD6NB6,17271156
DEM0000193,2DWGWUWVRP,17273806
DEM0000194,6R5B7A36P7,17254436
DEMOG,DEMOG1,17240716
DEM0000179 ,6N4T6GBG5Z,17038906
DEM0000180,SYB98GBR8Z,15933006
DEM0000181,XXVRNZ9Z5Q,14838906
DEM0000182,W9MMNAH3XH,16848286
DEM0000183,GAH6V745ET,16954356
DEM0000184,RJ9WRSKJJP,16954066
DEM0000185,WX4437UDAR,17242436
DEM0000186,BBCQ2BVXGU,17184676
DEM0000187,9YWMH86EAP,17087726
DEM0000188,EYBPG5PHV5,17201916
DEM0000189,EDSGQAHKVV,17232566
DEM0000190,47EZ9VW7EZ,17136566
DEM0000191,79YGMKNKKS,16441006
DEM0000192,RZ3KKD6NB6,16163066
DEM0000193,2DWGWUWVRP,17199966
DEM0000194,6R5B7A36P7,14837296
DEMOG,DEMOG1,15873996
DEM0000179 ,6N4T6GBG5Z,15738946
DEM0000180,SYB98GBR8Z,15933216
DEM0000181,XXVRNZ9Z5Q,15804136
DEM0000182,W9MMNAH3XH,16588516
DEM0000183,GAH6V745ET,16753866
DEM0000184,RJ9WRSKJJP,16456046
DEM0000185,WX4437UDAR,17071046
DEM0000186,BBCQ2BVXGU,15507036
DEM0000187,9YWMH86EAP,14111226
DEM0000188,EYBPG5PHV5,16296176
DEM0000189,EDSGQAHKVV,16456226
DEM0000190,47EZ9VW7EZ,16153406
DEM0000191,79YGMKNKKS,15544286
DEM0000192,RZ3KKD6NB6,14895786
DEMOG,DEMOG1,17318156
DEM0000179 ,6N4T6GBG5Z,17360266
DEM0000180,SYB98GBR8Z,15857896
DEM0000181,XXVRNZ9Z5Q,16959356
DEM0000182,W9MMNAH3XH,17384156
DEM0000183,GAH6V745ET,17181666
DEM0000184,RJ9WRSKJJP,16451946
DEM0000185,WX4437UDAR,17014226
DEM0000186,BBCQ2BVXGU,17070546
DEM0000187,9YWMH86EAP,17283666
DEM0000188,EYBPG5PHV5,17186036
DEM0000189,EDSGQAHKVV,14316696
DEM0000190,47EZ9VW7EZ,17369786
DEM0000191,79YGMKNKKS,14365496
DEM0000192,RZ3KKD6NB6,17360746
DEM0000193,2DWGWUWVRP,17373916
DEM0000194,6R5B7A36P7,17371986
DEMOG,DEMOG1,14178976
DEM0000179 ,6N4T6GBG5Z,15373796
DEM0000180,SYB98GBR8Z,17202416
DEM0000181,XXVRNZ9Z5Q,16961766
DEM0000182,W9MMNAH3XH,17372376
DEM0000183,GAH6V745ET,16046166
DEM0000184,RJ9WRSKJJP,17356146
DEM0000185,WX4437UDAR,17065366
DEM0000186,BBCQ2BVXGU,17371516
DEM0000187,9YWMH86EAP,17128916
DEM0000188,EYBPG5PHV5,17372566
DEM0000189,EDSGQAHKVV,17373216
DEM0000190,47EZ9VW7EZ,16717986
DEM0000191,79YGMKNKKS,17370206
DEM0000192,RZ3KKD6NB6,17192706
DEM0000193,2DWGWUWVRP,16967986
DEM0000194,6R5B7A36P7,17313916
DEMOG,DEMOG1,17345606
DEM0000179 ,6N4T6GBG5Z,17367856
DEM0000180,SYB98GBR8Z,17350756
DEM0000181,XXVRNZ9Z5Q,17249276
DEM0000182,W9MMNAH3XH,17360446
DEM0000183,GAH6V745ET,17370196
DEM0000184,RJ9WRSKJJP,17368856
DEM0000185,WX4437UDAR,17362496
DEM0000186,BBCQ2BVXGU,17363436
DEM0000187,9YWMH86EAP,17156906
DEM0000188,EYBPG5PHV5,15450166
DEM0000189,EDSGQAHKVV,15328566
DEM0000190,47EZ9VW7EZ,16206876
DEM0000191,79YGMKNKKS,17354486
DEM0000192,RZ3KKD6NB6,17358356
DEM0000193,2DWGWUWVRP,17362646
DEM0000194,6R5B7A36P7,17047266
DEMOG,DEMOG1,17361766
DEM0000179 ,6N4T6GBG5Z,14012016
DEM0000180,SYB98GBR8Z,16824556
DEM0000181,XXVRNZ9Z5Q,17300786
DEM0000182,W9MMNAH3XH,17359476
DEM0000183,GAH6V745ET,17346636
DEM0000184,RJ9WRSKJJP,17138876
DEM0000185,WX4437UDAR,14779066
DEM0000186,BBCQ2BVXGU,16579566
DEM0000187,9YWMH86EAP,16743536
DEM0000188,EYBPG5PHV5,16747736
DEM0000189,EDSGQAHKVV,15865366
DEM0000190,47EZ9VW7EZ,17346646
DEM0000191,79YGMKNKKS,17357136
DEM0000192,RZ3KKD6NB6,15997266
DEM0000193,2DWGWUWVRP,17084526
DEM0000194,6R5B7A36P7,15410366
DEMOG,DEMOG1,17200556
DEM0000179 ,6N4T6GBG5Z,17348106
DEM0000180,SYB98GBR8Z,17354826
DEM0000181,XXVRNZ9Z5Q,17351556
DEM0000182,W9MMNAH3XH,16752616
DEM0000183,GAH6V745ET,17246896
DEM0000184,RJ9WRSKJJP,17349776
DEM0000185,WX4437UDAR,17301476
DEM0000186,BBCQ2BVXGU,17311756
DEM0000187,9YWMH86EAP,17349736
DEM0000188,EYBPG5PHV5,17025116
DEM0000189,EDSGQAHKVV,16327856
DEM0000190,47EZ9VW7EZ,17318576
DEM0000191,79YGMKNKKS,15263436
DEM0000192,RZ3KKD6NB6,17139096
DEM0000193,2DWGWUWVRP,15265496
DEM0000194,6R5B7A36P7,16463266
DEMOG,DEMOG1,16574626
DEM0000179 ,6N4T6GBG5Z,17307736
DEM0000180,SYB98GBR8Z,16857816
DEM0000181,XXVRNZ9Z5Q,15495196
DEM0000182,W9MMNAH3XH,16814706
DEM0000183,GAH6V745ET,17346806
DEM0000184,RJ9WRSKJJP,15955516
DEM0000185,WX4437UDAR,17269166
DEM0000186,BBCQ2BVXGU,16486816
DEM0000187,9YWMH86EAP,17179226
DEM0000188,EYBPG5PHV5,15822716
DEM0000189,EDSGQAHKVV,16720696
DEM0000190,47EZ9VW7EZ,17081196
DEM0000191,79YGMKNKKS,17336686
DEM0000192,RZ3KKD6NB6,17339476
DEM0000193,2DWGWUWVRP,16634036
DEM0000194,6R5B7A36P7,17209366
DEMOG,DEMOG1,17061996
DEM0000179 ,6N4T6GBG5Z,16895786
DEM0000180,SYB98GBR8Z,16040486
DEM0000181,XXVRNZ9Z5Q,14547596
DEM0000182,W9MMNAH3XH,15406746
DEM0000183,GAH6V745ET,16695316
DEM0000184,RJ9WRSKJJP,16361036
DEM0000185,WX4437UDAR,17294396
DEM0000186,BBCQ2BVXGU,17096886
DEM0000187,9YWMH86EAP,17134796
DEM0000188,EYBPG5PHV5,15997106
DEM0000189,EDSGQAHKVV,17084676
DEM0000190,47EZ9VW7EZ,17202336
DEM0000191,79YGMKNKKS,17150386
DEM0000192,RZ3KKD6NB6,17274456
DEM0000193,2DWGWUWVRP,15942596
DEM0000194,6R5B7A36P7,14937466
DEMOG,DEMOG1,17268886
DEM0000179 ,6N4T6GBG5Z,17030036
DEM0000180,SYB98GBR8Z,15964286
DEM0000181,XXVRNZ9Z5Q,16806506
DEM0000182,W9MMNAH3XH,17087006
DEM0000183,GAH6V745ET,16408396
DEM0000184,RJ9WRSKJJP,17206986
DEM0000185,WX4437UDAR,16787826
DEM0000186,BBCQ2BVXGU,17227306
DEM0000187,9YWMH86EAP,17310836
DEM0000188,EYBPG5PHV5,17310566
DEM0000189,EDSGQAHKVV,16519116
DEM0000190,47EZ9VW7EZ,14955436
DEM0000191,79YGMKNKKS,15030976
DEM0000192,RZ3KKD6NB6,15639256
DEM0000193,2DWGWUWVRP,14567876
DEM0000194,6R5B7A36P7,16161156
DEMOG,DEMOG1,17200126
DEM0000179 ,6N4T6GBG5Z,17158056
DEM0000180,SYB98GBR8Z,16985346
DEM0000181,XXVRNZ9Z5Q,17248896
DEM0000182,W9MMNAH3XH,17256206
DEM0000183,GAH6V745ET,17304256
DEM0000184,RJ9WRSKJJP,17295456
DEM0000185,WX4437UDAR,17150396
DEM0000186,BBCQ2BVXGU,17103166
DEM0000187,9YWMH86EAP,17245966
DEM0000188,EYBPG5PHV5,17289516
DEM0000189,EDSGQAHKVV,17280846
DEM0000190,47EZ9VW7EZ,17145116
DEM0000191,79YGMKNKKS,17267596
DEM0000192,RZ3KKD6NB6,17271156
DEM0000193,2DWGWUWVRP,17273806
DEM0000194,6R5B7A36P7,17254436
DEMOG,DEMOG1,17240716
DEM0000179 ,6N4T6GBG5Z,17038906
DEM0000180,SYB98GBR8Z,15933006
DEM0000181,XXVRNZ9Z5Q,14838906
DEM0000182,W9MMNAH3XH,16848286
DEM0000183,GAH6V745ET,16954356
DEM0000184,RJ9WRSKJJP,16954066
DEM0000185,WX4437UDAR,17242436
DEM0000186,BBCQ2BVXGU,17184676
DEM0000187,9YWMH86EAP,17087726
DEM0000188,EYBPG5PHV5,17201916
DEM0000189,EDSGQAHKVV,17232566
DEM0000190,47EZ9VW7EZ,17136566
DEM0000191,79YGMKNKKS,16441006
DEM0000192,RZ3KKD6NB6,16163066
DEM0000193,2DWGWUWVRP,17199966
DEM0000194,6R5B7A36P7,14837296
DEMOG,DEMOG1,15873996
DEM0000179 ,6N4T6GBG5Z,15738946
DEM0000180,SYB98GBR8Z,15933216
DEM0000181,XXVRNZ9Z5Q,15804136
DEM0000182,W9MMNAH3XH,16588516
DEM0000183,GAH6V745ET,16753866
DEM0000184,RJ9WRSKJJP,16456046
DEM0000185,WX4437UDAR,17071046
DEM0000186,BBCQ2BVXGU,15507036
DEM0000187,9YWMH86EAP,14111226
DEM0000188,EYBPG5PHV5,16296176
DEM0000189,EDSGQAHKVV,16456226
DEM0000190,47EZ9VW7EZ,16153406
DEM0000191,79YGMKNKKS,15544286
DEM0000192,RZ3KKD6NB6,14895786
