UserID,Password
110588,copart1
110588,copart1
110588,copart1
110588,copart1
110588,copart1
110588,copart1
110588,copart1
110588,copart1
110588,copart1
110588,copart1
110588,copart1
110588,copart1
110588,copart1
110588,copart1
110588,copart1
110588,copart1
110588,copart1
110588,copart1
110588,copart1
110588,copart1
110588,copart1
110588,copart1
110588,copart1
110588,copart1
110588,copart1
110588,copart1
110588,copart1
110588,copart1
110588,copart1
110588,copart1
110588,copart1
110588,copart1
110588,copart1
110588,copart1
110588,copart1
110588,copart1
110588,copart1
110588,copart1
110588,copart1
110588,copart1
110588,copart1
110588,copart1
110588,copart1
110588,copart1
110588,copart1
110588,copart1
110588,copart1
110588,copart1
110588,copart1
110588,copart1
110588,copart1
110588,copart1
110588,copart1
110588,copart1
110588,copart1
110588,copart1
110588,copart1
110588,copart1
110588,copart1
110588,copart1
110588,copart1
110588,copart1
110588,copart1
110588,copart1
110588,copart1
110588,copart1
110588,copart1
110588,copart1
110588,copart1
110588,copart1
110588,copart1
110588,copart1
110588,copart1
110588,copart1
110588,copart1
110588,copart1
110588,copart1
110588,copart1
110588,copart1
110588,copart1
110588,copart1
110588,copart1
110588,copart1
110588,copart1
110588,copart1
110588,copart1
110588,copart1
110588,copart1
110588,copart1
110588,copart1
110588,copart1
110588,copart1
110588,copart1
110588,copart1
110588,copart1
110588,copart1
110588,copart1
110588,copart1
110588,copart1
110588,copart1
110588,copart1
110588,copart1
110588,copart1
110588,copart1
110588,copart1
110588,copart1
110588,copart1
110588,copart1
110588,copart1
110588,copart1
110588,copart1
110588,copart1
110588,copart1
110588,copart1
110588,copart1
110588,copart1
110588,copart1
110588,copart1
110588,copart1
110588,copart1
110588,copart1
110588,copart1
110588,copart1
110588,copart1
110588,copart1
110588,copart1
110588,copart1
110588,copart1
110588,copart1
110588,copart1
110588,copart1
110588,copart1
110588,copart1
110588,copart1
110588,copart1
110588,copart1
110588,copart1
110588,copart1
110588,copart1
110588,copart1
110588,copart1
110588,copart1
110588,copart1
110588,copart1
110588,copart1
110588,copart1
110588,copart1
110588,copart1
110588,copart1
110588,copart1
110588,copart1
110588,copart1
110588,copart1
110588,copart1
110588,copart1
110588,copart1
110588,copart1
110588,copart1
110588,copart1
110588,copart1
110588,copart1
110588,copart1
110588,copart1
110588,copart1
110588,copart1
110588,copart1
110588,copart1
110588,copart1
110588,copart1
110588,copart1
110588,copart1
110588,copart1
110588,copart1
110588,copart1
110588,copart1
110588,copart1
110588,copart1
110588,copart1
110588,copart1
110588,copart1
110588,copart1
110588,copart1
110588,copart1
110588,copart1
110588,copart1
110588,copart1
110588,copart1
110588,copart1
110588,copart1
110588,copart1
110588,copart1
110588,copart1
110588,copart1
110588,copart1
110588,copart1
110588,copart1
110588,copart1
110588,copart1
110588,copart1
110588,copart1
110588,copart1
110588,copart1
110588,copart1
110588,copart1
110588,copart1
110588,copart1
110588,copart1
110588,copart1
110588,copart1
110588,copart1
110588,copart1
110588,copart1
110588,copart1
110588,copart1
110588,copart1
110588,copart1
110588,copart1
110588,copart1
110588,copart1
110588,copart1
110588,copart1
110588,copart1
110588,copart1
110588,copart1
110588,copart1
110588,copart1
110588,copart1
110588,copart1
110588,copart1
110588,copart1
110588,copart1
110588,copart1
110588,copart1
110588,copart1
110588,copart1
110588,copart1
110588,copart1
110588,copart1
110588,copart1
110588,copart1
110588,copart1
110588,copart1
110588,copart1
110588,copart1
110588,copart1
110588,copart1
110588,copart1
110588,copart1
110588,copart1
110588,copart1
110588,copart1
110588,copart1
110588,copart1
110588,copart1
110588,copart1
110588,copart1
110588,copart1
110588,copart1
110588,copart1
110588,copart1
110588,copart1
110588,copart1
110588,copart1
110588,copart1
110588,copart1
110588,copart1
110588,copart1
110588,copart1
110588,copart1
110588,copart1
110588,copart1
110588,copart1
110588,copart1
110588,copart1
110588,copart1
110588,copart1
110588,copart1
110588,copart1
110588,copart1
110588,copart1
110588,copart1
110588,copart1
110588,copart1
110588,copart1
110588,copart1
110588,copart1
110588,copart1
110588,copart1
110588,copart1
110588,copart1
110588,copart1
110588,copart1
110588,copart1
110588,copart1
110588,copart1
110588,copart1
110588,copart1
110588,copart1
110588,copart1
