MemberID,Password
5129,copart4
63634,copart8
336302,copart1
168545,copart2
174382,copart1
174402,copart1
174413,copart1
174415,copart1
174416,copart1
174419,copart1
174429,copart1
174430,copart1
174432,copart1
174436,copart1
5129,copart4
63634,copart8
336302,copart1
168545,copart2
174382,copart1
174402,copart1
174413,copart1
174415,copart1
174416,copart1
174419,copart1
174429,copart1
174430,copart1
174432,copart1
174436,copart1
5129,copart4
63634,copart8
336302,copart1
168545,copart2
174382,copart1
174402,copart1
174413,copart1
174415,copart1
174416,copart1
174419,copart1
174429,copart1
174430,copart1
174432,copart1
174436,copart1
5129,copart4
63634,copart8
336302,copart1
168545,copart2
174382,copart1
174402,copart1
174413,copart1
174415,copart1
174416,copart1
174419,copart1
174429,copart1
174430,copart1
174432,copart1
174436,copart1
5129,copart4
63634,copart8
336302,copart1
168545,copart2
174382,copart1
174402,copart1
174413,copart1
174415,copart1
174416,copart1
174419,copart1
174429,copart1
174430,copart1
174432,copart1
174436,copart1
5129,copart4
63634,copart8
336302,copart1
168545,copart2
174382,copart1
174402,copart1
174413,copart1
174415,copart1
174416,copart1
174419,copart1
174429,copart1
174430,copart1
174432,copart1
174436,copart1
5129,copart4
63634,copart8
336302,copart1
168545,copart2
174382,copart1
174402,copart1
174413,copart1
174415,copart1
174416,copart1
174419,copart1
174429,copart1
174430,copart1
174432,copart1
174436,copart1
